conflictId,cableMaterialNumber,rawMaterialCode,weightA,weightB,relativeDelta,uom,occurrenceCount,investigationStatus,classificationLetter,classification,disposition,costingImpact,sourceCableBomLineCount
"BOM-CONF-001","10009538","HB02","27.88","205","6.352941176470589","kg","2","UNDER_REVIEW","D","PLANT_VARIATION","ENGINEERING_REVIEW_REQUIRED","NO_SOURCE_LINE","0"
"BOM-CONF-002","10009539","HB02","43.94","281","5.395084205735094","kg","2","BUSINESS_DECISION_REQUIRED","C","QUANTITY_CONSUMPTION_CONFLICT","ENGINEERING_REVIEW_REQUIRED","NO_SOURCE_LINE","0"
"BOM-CONF-003","10009540","HB02","57.98","348","5.002069679199724","kg","2","BUSINESS_DECISION_REQUIRED","C","QUANTITY_CONSUMPTION_CONFLICT","ENGINEERING_REVIEW_REQUIRED","NO_SOURCE_LINE","0"
"BOM-CONF-004","10009542","HB02","111.52","639","4.729913916786227","kg","2","BUSINESS_DECISION_REQUIRED","C","QUANTITY_CONSUMPTION_CONFLICT","ENGINEERING_REVIEW_REQUIRED","NO_SOURCE_LINE","0"
"BOM-CONF-005","10009543","HB02","136.06","810","4.953255916507423","kg","2","BUSINESS_DECISION_REQUIRED","C","QUANTITY_CONSUMPTION_CONFLICT","ENGINEERING_REVIEW_REQUIRED","NO_SOURCE_LINE","0"
"BOM-CONF-006","10009544","HB02","172.53","965","4.593230162870226","kg","2","BUSINESS_DECISION_REQUIRED","C","QUANTITY_CONSUMPTION_CONFLICT","ENGINEERING_REVIEW_REQUIRED","NO_SOURCE_LINE","0"
"BOM-CONF-007","10009545","HB02","220.71","1183","4.359974627339042","kg","2","BUSINESS_DECISION_REQUIRED","C","QUANTITY_CONSUMPTION_CONFLICT","ENGINEERING_REVIEW_REQUIRED","NO_SOURCE_LINE","0"
"BOM-CONF-008","10009546","HB02","270.61","1471","4.435867115036398","kg","2","BUSINESS_DECISION_REQUIRED","C","QUANTITY_CONSUMPTION_CONFLICT","ENGINEERING_REVIEW_REQUIRED","NO_SOURCE_LINE","0"
"BOM-CONF-009","10009547","HB02","362.12","1855","4.1226112890754445","kg","2","BUSINESS_DECISION_REQUIRED","C","QUANTITY_CONSUMPTION_CONFLICT","ENGINEERING_REVIEW_REQUIRED","NO_SOURCE_LINE","0"
"BOM-CONF-010","10009548","HB02","440.81","2278","4.167759352101813","kg","2","BUSINESS_DECISION_REQUIRED","C","QUANTITY_CONSUMPTION_CONFLICT","ENGINEERING_REVIEW_REQUIRED","NO_SOURCE_LINE","0"
"BOM-CONF-011","10009549","HB02","555.66","2777","3.9976604398373112","kg","2","BUSINESS_DECISION_REQUIRED","C","QUANTITY_CONSUMPTION_CONFLICT","ENGINEERING_REVIEW_REQUIRED","NO_SOURCE_LINE","0"
"BOM-CONF-012","10010197","AR01","640.55","1059.46","0.6539848567637189","kg","2","BUSINESS_DECISION_REQUIRED","C","QUANTITY_CONSUMPTION_CONFLICT","ENGINEERING_REVIEW_REQUIRED","NO_SOURCE_LINE","0"
"BOM-CONF-013","10010198","AR01","825.44","1409.6","0.7076952897848418","kg","2","BUSINESS_DECISION_REQUIRED","C","QUANTITY_CONSUMPTION_CONFLICT","ENGINEERING_REVIEW_REQUIRED","NO_SOURCE_LINE","0"
"BOM-CONF-014","10010212","AR01","640.55","1059.46","0.6539848567637189","kg","2","BUSINESS_DECISION_REQUIRED","C","QUANTITY_CONSUMPTION_CONFLICT","ENGINEERING_REVIEW_REQUIRED","NO_SOURCE_LINE","0"
"BOM-CONF-015","10010213","AR01","825.44","1409.6","0.7076952897848418","kg","2","BUSINESS_DECISION_REQUIRED","C","QUANTITY_CONSUMPTION_CONFLICT","ENGINEERING_REVIEW_REQUIRED","NO_SOURCE_LINE","0"
"BOM-CONF-016","10010225","AR01","640.55","1059.46","0.6539848567637189","kg","2","BUSINESS_DECISION_REQUIRED","C","QUANTITY_CONSUMPTION_CONFLICT","ENGINEERING_REVIEW_REQUIRED","NO_SOURCE_LINE","0"
"BOM-CONF-017","10010226","AR01","825.44","1409.6","0.7076952897848418","kg","2","BUSINESS_DECISION_REQUIRED","C","QUANTITY_CONSUMPTION_CONFLICT","ENGINEERING_REVIEW_REQUIRED","NO_SOURCE_LINE","0"
"BOM-CONF-018","10010238","AR01","640.55","1059.46","0.6539848567637189","kg","2","BUSINESS_DECISION_REQUIRED","C","QUANTITY_CONSUMPTION_CONFLICT","ENGINEERING_REVIEW_REQUIRED","NO_SOURCE_LINE","0"
"BOM-CONF-019","10010239","AR01","825.44","1409.6","0.7076952897848418","kg","2","BUSINESS_DECISION_REQUIRED","C","QUANTITY_CONSUMPTION_CONFLICT","ENGINEERING_REVIEW_REQUIRED","NO_SOURCE_LINE","0"
"BOM-CONF-020","10010251","AR01","640.55","1059.46","0.6539848567637189","kg","2","BUSINESS_DECISION_REQUIRED","C","QUANTITY_CONSUMPTION_CONFLICT","ENGINEERING_REVIEW_REQUIRED","NO_SOURCE_LINE","0"
"BOM-CONF-021","10010252","AR01","825.44","1409.6","0.7076952897848418","kg","2","BUSINESS_DECISION_REQUIRED","C","QUANTITY_CONSUMPTION_CONFLICT","ENGINEERING_REVIEW_REQUIRED","NO_SOURCE_LINE","0"
"BOM-CONF-022","10010264","AR01","640.55","1059.46","0.6539848567637189","kg","2","BUSINESS_DECISION_REQUIRED","C","QUANTITY_CONSUMPTION_CONFLICT","ENGINEERING_REVIEW_REQUIRED","NO_SOURCE_LINE","0"
"BOM-CONF-023","10010265","AR01","825.44","1409.6","0.7076952897848418","kg","2","BUSINESS_DECISION_REQUIRED","C","QUANTITY_CONSUMPTION_CONFLICT","ENGINEERING_REVIEW_REQUIRED","NO_SOURCE_LINE","0"
"BOM-CONF-024","10010278","AR01","640.55","1059.46","0.6539848567637189","kg","2","BUSINESS_DECISION_REQUIRED","C","QUANTITY_CONSUMPTION_CONFLICT","ENGINEERING_REVIEW_REQUIRED","NO_SOURCE_LINE","0"
"BOM-CONF-025","10010279","AR01","825.44","1409.6","0.7076952897848418","kg","2","BUSINESS_DECISION_REQUIRED","C","QUANTITY_CONSUMPTION_CONFLICT","ENGINEERING_REVIEW_REQUIRED","NO_SOURCE_LINE","0"
"BOM-CONF-026","10010294","AR01","640.55","1059.46","0.6539848567637189","kg","2","BUSINESS_DECISION_REQUIRED","C","QUANTITY_CONSUMPTION_CONFLICT","ENGINEERING_REVIEW_REQUIRED","NO_SOURCE_LINE","0"
"BOM-CONF-027","10010295","AR01","825.44","1409.6","0.7076952897848418","kg","2","BUSINESS_DECISION_REQUIRED","C","QUANTITY_CONSUMPTION_CONFLICT","ENGINEERING_REVIEW_REQUIRED","NO_SOURCE_LINE","0"
"BOM-CONF-028","10010299","SC01","40","44","0.1","kg","2","BUSINESS_DECISION_REQUIRED","C","QUANTITY_CONSUMPTION_CONFLICT","ENGINEERING_REVIEW_REQUIRED","NO_SOURCE_LINE","0"
"BOM-CONF-029","10010300","SC01","44","47","0.06818181818181818","kg","2","BUSINESS_DECISION_REQUIRED","C","QUANTITY_CONSUMPTION_CONFLICT","ENGINEERING_REVIEW_REQUIRED","NO_SOURCE_LINE","0"
"BOM-CONF-030","10010301","SC01","51","52","0.0196078431372549","kg","2","BUSINESS_DECISION_REQUIRED","G","ALTERNATIVE_CONSUMPTION_BASIS","PRESERVE_AS_VALID_VARIANT","NO_SOURCE_LINE","0"
"BOM-CONF-031","10010303","SC01","59","61","0.03389830508474576","kg","2","BUSINESS_DECISION_REQUIRED","G","ALTERNATIVE_CONSUMPTION_BASIS","PRESERVE_AS_VALID_VARIANT","NO_SOURCE_LINE","0"
"BOM-CONF-032","10010304","SC01","64","69","0.078125","kg","2","BUSINESS_DECISION_REQUIRED","C","QUANTITY_CONSUMPTION_CONFLICT","ENGINEERING_REVIEW_REQUIRED","NO_SOURCE_LINE","0"
"BOM-CONF-033","10010305","SC01","82","86","0.04878048780487805","kg","2","BUSINESS_DECISION_REQUIRED","G","ALTERNATIVE_CONSUMPTION_BASIS","PRESERVE_AS_VALID_VARIANT","NO_SOURCE_LINE","0"
"BOM-CONF-034","10010306","SC01","89","96","0.07865168539325842","kg","2","BUSINESS_DECISION_REQUIRED","C","QUANTITY_CONSUMPTION_CONFLICT","ENGINEERING_REVIEW_REQUIRED","NO_SOURCE_LINE","0"
"BOM-CONF-035","10010307","AR01","640.58","1059.5","0.6539698398326516","kg","2","BUSINESS_DECISION_REQUIRED","C","QUANTITY_CONSUMPTION_CONFLICT","ENGINEERING_REVIEW_REQUIRED","NO_SOURCE_LINE","0"
"BOM-CONF-036","10010307","SC01","110","113","0.02727272727272727","kg","2","BUSINESS_DECISION_REQUIRED","G","ALTERNATIVE_CONSUMPTION_BASIS","PRESERVE_AS_VALID_VARIANT","NO_SOURCE_LINE","0"
"BOM-CONF-037","10010308","AR01","825.44","1409.6","0.7076952897848418","kg","2","BUSINESS_DECISION_REQUIRED","C","QUANTITY_CONSUMPTION_CONFLICT","ENGINEERING_REVIEW_REQUIRED","NO_SOURCE_LINE","0"
"BOM-CONF-038","10010308","SC01","126","127","0.007936507936507936","kg","2","BUSINESS_DECISION_REQUIRED","G","ALTERNATIVE_CONSUMPTION_BASIS","PRESERVE_AS_VALID_VARIANT","NO_SOURCE_LINE","0"
"BOM-CONF-039","10010322","SC01","40","49","0.225","kg","2","BUSINESS_DECISION_REQUIRED","C","QUANTITY_CONSUMPTION_CONFLICT","ENGINEERING_REVIEW_REQUIRED","NO_SOURCE_LINE","0"
"BOM-CONF-040","10010323","SC01","44","52","0.18181818181818182","kg","2","BUSINESS_DECISION_REQUIRED","C","QUANTITY_CONSUMPTION_CONFLICT","ENGINEERING_REVIEW_REQUIRED","NO_SOURCE_LINE","0"
"BOM-CONF-041","10010324","SC01","51","57","0.11764705882352941","kg","2","BUSINESS_DECISION_REQUIRED","C","QUANTITY_CONSUMPTION_CONFLICT","ENGINEERING_REVIEW_REQUIRED","NO_SOURCE_LINE","0"
"BOM-CONF-042","10010325","SC01","54","58","0.07407407407407407","kg","2","BUSINESS_DECISION_REQUIRED","C","QUANTITY_CONSUMPTION_CONFLICT","ENGINEERING_REVIEW_REQUIRED","NO_SOURCE_LINE","0"
"BOM-CONF-043","10010326","SC01","61","64","0.04918032786885246","kg","2","BUSINESS_DECISION_REQUIRED","G","ALTERNATIVE_CONSUMPTION_BASIS","PRESERVE_AS_VALID_VARIANT","NO_SOURCE_LINE","0"
"BOM-CONF-044","10010328","SC01","86","87","0.011627906976744186","kg","2","BUSINESS_DECISION_REQUIRED","G","ALTERNATIVE_CONSUMPTION_BASIS","PRESERVE_AS_VALID_VARIANT","NO_SOURCE_LINE","0"
"BOM-CONF-045","10010329","SC01","94","96","0.02127659574468085","kg","2","BUSINESS_DECISION_REQUIRED","G","ALTERNATIVE_CONSUMPTION_BASIS","PRESERVE_AS_VALID_VARIANT","NO_SOURCE_LINE","0"
"BOM-CONF-046","10010330","AR01","640.58","1059.5","0.6539698398326516","kg","2","BUSINESS_DECISION_REQUIRED","C","QUANTITY_CONSUMPTION_CONFLICT","ENGINEERING_REVIEW_REQUIRED","NO_SOURCE_LINE","0"
"BOM-CONF-047","10010330","SC01","110","119","0.08181818181818182","kg","2","BUSINESS_DECISION_REQUIRED","C","QUANTITY_CONSUMPTION_CONFLICT","ENGINEERING_REVIEW_REQUIRED","NO_SOURCE_LINE","0"
"BOM-CONF-048","10010331","AR01","825.44","1409.6","0.7076952897848418","kg","2","BUSINESS_DECISION_REQUIRED","C","QUANTITY_CONSUMPTION_CONFLICT","ENGINEERING_REVIEW_REQUIRED","NO_SOURCE_LINE","0"
"BOM-CONF-049","10010331","SC01","126","133","0.05555555555555555","kg","2","BUSINESS_DECISION_REQUIRED","C","QUANTITY_CONSUMPTION_CONFLICT","ENGINEERING_REVIEW_REQUIRED","NO_SOURCE_LINE","0"
"BOM-CONF-050","10010332","SC01","40","53","0.325","kg","2","BUSINESS_DECISION_REQUIRED","C","QUANTITY_CONSUMPTION_CONFLICT","ENGINEERING_REVIEW_REQUIRED","NO_SOURCE_LINE","0"
"BOM-CONF-051","10010333","SC01","44","56","0.2727272727272727","kg","2","BUSINESS_DECISION_REQUIRED","C","QUANTITY_CONSUMPTION_CONFLICT","ENGINEERING_REVIEW_REQUIRED","NO_SOURCE_LINE","0"
"BOM-CONF-052","10010334","SC01","51","61","0.19607843137254902","kg","2","BUSINESS_DECISION_REQUIRED","C","QUANTITY_CONSUMPTION_CONFLICT","ENGINEERING_REVIEW_REQUIRED","NO_SOURCE_LINE","0"
"BOM-CONF-053","10010335","SC01","54","63","0.16666666666666666","kg","2","BUSINESS_DECISION_REQUIRED","C","QUANTITY_CONSUMPTION_CONFLICT","ENGINEERING_REVIEW_REQUIRED","NO_SOURCE_LINE","0"
"BOM-CONF-054","10010336","SC01","61","68","0.11475409836065574","kg","2","BUSINESS_DECISION_REQUIRED","C","QUANTITY_CONSUMPTION_CONFLICT","ENGINEERING_REVIEW_REQUIRED","NO_SOURCE_LINE","0"
"BOM-CONF-055","10010337","SC01","69","73","0.057971014492753624","kg","2","BUSINESS_DECISION_REQUIRED","C","QUANTITY_CONSUMPTION_CONFLICT","ENGINEERING_REVIEW_REQUIRED","NO_SOURCE_LINE","0"
"BOM-CONF-056","10010338","SC01","86","92","0.06976744186046512","kg","2","BUSINESS_DECISION_REQUIRED","C","QUANTITY_CONSUMPTION_CONFLICT","ENGINEERING_REVIEW_REQUIRED","NO_SOURCE_LINE","0"
"BOM-CONF-057","10010339","SC01","96","99","0.03125","kg","2","BUSINESS_DECISION_REQUIRED","G","ALTERNATIVE_CONSUMPTION_BASIS","PRESERVE_AS_VALID_VARIANT","NO_SOURCE_LINE","0"
"BOM-CONF-058","10010340","AR01","640.58","1059.5","0.6539698398326516","kg","2","BUSINESS_DECISION_REQUIRED","C","QUANTITY_CONSUMPTION_CONFLICT","ENGINEERING_REVIEW_REQUIRED","NO_SOURCE_LINE","0"
"BOM-CONF-059","10010340","SC01","110","125","0.13636363636363635","kg","2","BUSINESS_DECISION_REQUIRED","C","QUANTITY_CONSUMPTION_CONFLICT","ENGINEERING_REVIEW_REQUIRED","NO_SOURCE_LINE","0"
"BOM-CONF-060","10010341","AR01","825.44","1409.6","0.7076952897848418","kg","2","BUSINESS_DECISION_REQUIRED","C","QUANTITY_CONSUMPTION_CONFLICT","ENGINEERING_REVIEW_REQUIRED","NO_SOURCE_LINE","0"
"BOM-CONF-061","10010341","SC01","126","139","0.10317460317460317","kg","2","BUSINESS_DECISION_REQUIRED","C","QUANTITY_CONSUMPTION_CONFLICT","ENGINEERING_REVIEW_REQUIRED","NO_SOURCE_LINE","0"
"BOM-CONF-062","10010342","SC01","40","64","0.6","kg","2","BUSINESS_DECISION_REQUIRED","C","QUANTITY_CONSUMPTION_CONFLICT","ENGINEERING_REVIEW_REQUIRED","NO_SOURCE_LINE","0"
"BOM-CONF-063","10010343","SC01","44","67","0.5227272727272727","kg","2","BUSINESS_DECISION_REQUIRED","C","QUANTITY_CONSUMPTION_CONFLICT","ENGINEERING_REVIEW_REQUIRED","NO_SOURCE_LINE","0"
"BOM-CONF-064","10010344","SC01","51","72","0.4117647058823529","kg","2","BUSINESS_DECISION_REQUIRED","C","QUANTITY_CONSUMPTION_CONFLICT","ENGINEERING_REVIEW_REQUIRED","NO_SOURCE_LINE","0"
"BOM-CONF-065","10010345","SC01","54","73","0.35185185185185186","kg","2","BUSINESS_DECISION_REQUIRED","C","QUANTITY_CONSUMPTION_CONFLICT","ENGINEERING_REVIEW_REQUIRED","NO_SOURCE_LINE","0"
"BOM-CONF-066","10010346","SC01","61","79","0.29508196721311475","kg","2","BUSINESS_DECISION_REQUIRED","C","QUANTITY_CONSUMPTION_CONFLICT","ENGINEERING_REVIEW_REQUIRED","NO_SOURCE_LINE","0"
"BOM-CONF-067","10010347","SC01","69","84","0.21739130434782608","kg","2","BUSINESS_DECISION_REQUIRED","C","QUANTITY_CONSUMPTION_CONFLICT","ENGINEERING_REVIEW_REQUIRED","NO_SOURCE_LINE","0"
"BOM-CONF-068","10010348","SC01","86","104","0.20930232558139536","kg","2","BUSINESS_DECISION_REQUIRED","C","QUANTITY_CONSUMPTION_CONFLICT","ENGINEERING_REVIEW_REQUIRED","NO_SOURCE_LINE","0"
"BOM-CONF-069","10010349","SC01","96","112","0.16666666666666666","kg","2","BUSINESS_DECISION_REQUIRED","C","QUANTITY_CONSUMPTION_CONFLICT","ENGINEERING_REVIEW_REQUIRED","NO_SOURCE_LINE","0"
"BOM-CONF-070","10010350","AR01","640.58","1059.5","0.6539698398326516","kg","2","BUSINESS_DECISION_REQUIRED","C","QUANTITY_CONSUMPTION_CONFLICT","ENGINEERING_REVIEW_REQUIRED","NO_SOURCE_LINE","0"
"BOM-CONF-071","10010350","SC01","110","139","0.2636363636363636","kg","2","BUSINESS_DECISION_REQUIRED","C","QUANTITY_CONSUMPTION_CONFLICT","ENGINEERING_REVIEW_REQUIRED","NO_SOURCE_LINE","0"
"BOM-CONF-072","10010351","AR01","825.44","1409.6","0.7076952897848418","kg","2","BUSINESS_DECISION_REQUIRED","C","QUANTITY_CONSUMPTION_CONFLICT","ENGINEERING_REVIEW_REQUIRED","NO_SOURCE_LINE","0"
"BOM-CONF-073","10010351","SC01","126","153","0.21428571428571427","kg","2","BUSINESS_DECISION_REQUIRED","C","QUANTITY_CONSUMPTION_CONFLICT","ENGINEERING_REVIEW_REQUIRED","NO_SOURCE_LINE","0"
"BOM-CONF-074","10010388","AR01","640.55","1059.46","0.6539848567637189","kg","2","BUSINESS_DECISION_REQUIRED","C","QUANTITY_CONSUMPTION_CONFLICT","ENGINEERING_REVIEW_REQUIRED","NO_SOURCE_LINE","0"
"BOM-CONF-075","10010389","AR01","825.44","1409.6","0.7076952897848418","kg","2","BUSINESS_DECISION_REQUIRED","C","QUANTITY_CONSUMPTION_CONFLICT","ENGINEERING_REVIEW_REQUIRED","NO_SOURCE_LINE","0"
"BOM-CONF-076","10010399","AR01","640.55","1059.46","0.6539848567637189","kg","2","BUSINESS_DECISION_REQUIRED","C","QUANTITY_CONSUMPTION_CONFLICT","ENGINEERING_REVIEW_REQUIRED","NO_SOURCE_LINE","0"
"BOM-CONF-077","10010400","AR01","825.44","1409.6","0.7076952897848418","kg","2","BUSINESS_DECISION_REQUIRED","C","QUANTITY_CONSUMPTION_CONFLICT","ENGINEERING_REVIEW_REQUIRED","NO_SOURCE_LINE","0"
"BOM-CONF-078","10010410","AR01","640.55","1059.46","0.6539848567637189","kg","2","BUSINESS_DECISION_REQUIRED","C","QUANTITY_CONSUMPTION_CONFLICT","ENGINEERING_REVIEW_REQUIRED","NO_SOURCE_LINE","0"
"BOM-CONF-079","10010411","AR01","825.44","1409.6","0.7076952897848418","kg","2","BUSINESS_DECISION_REQUIRED","C","QUANTITY_CONSUMPTION_CONFLICT","ENGINEERING_REVIEW_REQUIRED","NO_SOURCE_LINE","0"
"BOM-CONF-080","10010421","AR01","640.55","1059.46","0.6539848567637189","kg","2","BUSINESS_DECISION_REQUIRED","C","QUANTITY_CONSUMPTION_CONFLICT","ENGINEERING_REVIEW_REQUIRED","NO_SOURCE_LINE","0"
"BOM-CONF-081","10010422","AR01","825.44","1409.6","0.7076952897848418","kg","2","BUSINESS_DECISION_REQUIRED","C","QUANTITY_CONSUMPTION_CONFLICT","ENGINEERING_REVIEW_REQUIRED","NO_SOURCE_LINE","0"
