Parameter Code,Parameter Name,Engineering Sequence,Category,Data Type,Current UI Control Type,In Main Grid,Current Values (pipe-separated),Default Value (app boot),Required/Optional,Yes/No Parameter,Current Dependency (unlock rule),Depends On Parameter,Current Filtering/Validation Rule,Applicable/Not Applicable Logic,Related Cable Standard,Database Field/Table,PostgreSQL Authority Kind,Notes
selectionMode,Selection Mode,0,Mode,enum,Hidden (set by SelectionModeCard),No,CUSTOMER | TECHNICAL,,Required,No,Always when entering configurator,,None,,,TechnicalOfficeRequest.configuration (JSON),,Not sent to evaluate API
customerCode,Customer Specification Code,0,Mode,string,Dropdown (CUSTOMER mode only),Conditional (CUSTOMER),From catalog customerCodes,,Optional,No,selectionMode=CUSTOMER,selectionMode,Catalog-derived list from localStorage parse,,,CableMaster.customerCode | CableEngineeringMapping (via mapping),CUSTOMER_CODE (implicit in evaluate),Fast-filter preset; not in GRID_PARAMETER_ORDER
family,Cable Family,1,Family & Voltage,code,Dropdown,Yes,UGC | OHL | ABC | SINGLE | CONTROL | TELECOM,UGC,Required,No,Always unlocked,,OHL/TELECOM: voltageClass returns empty; ABC: voltageClass LV only,CABLE_CONSTRUCTION_LOGIC_MATRIX per family,IEC 60502 / 60840 / 62067 (matrix keyStandards),CableMaster.family | CableParameter.kind=FAMILY | CableEngineeringMapping.family,FAMILY,Displayed label from DEFAULT_CABLE_FAMILIES
familySubType,Family Sub-Type,—,Family & Voltage,string,Removed from grid (state only),No,UGC: LV|MV|HV|EHV; OHL: AAC|AAAC|ACSR; etc.,Auto-synced from voltageClass for UGC,Optional,No,Hidden,Hidden,Used by resolveConstructionLogic only,,,CableEngineeringMapping (attributes JSON),,REMOVED_UI_FIELDS; auto-set on voltageClass change
voltageClass,Voltage Level / Class,2,Family & Voltage,enum,Dropdown,Yes,LV | MV | HV | EHV,MV,Required,No,family set,family,Empty for OHL/TELECOM; ABC→LV only; else DEFAULT_VOLTAGE_CLASSES,,IEC 60502-1 (LV) / 60502-2 (MV) / 60840 (HV),CableMaster.voltage (partial) | CableParameter.kind=VOLTAGE,,Not separate PG kind; voltage used in evaluate
voltage,Voltage Rating / Level,3,Family & Voltage,string,Dropdown,Yes,MV: 5 values only; LV/HV/EHV: DEFAULT_VOLTAGES_BY_CLASS,6/10 kV (6.35/11 kV),Required,No,voltageClass set,voltageClass,MV→MV_VOLTAGE_OPTIONS (5); mergeWithCatalog optional,,IEC 60502-2 for MV ratings,CableMaster.voltage | CableParameter.kind=VOLTAGE,VOLTAGE,PG evaluate uses voltage not voltageClass
um,Um (Highest Equipment Voltage),—,Family & Voltage,string,Removed from grid,No,DEFAULT_VOLTAGE_RATINGS_DETAILED um values,,Optional,No,Removed,,Not filtered in UI,,IEC 60502 Um tables,,,REMOVED_UI_FIELDS
standard,Standard & Specification,4,Family & Voltage,string,Dropdown,Yes,DEFAULT_STANDARDS (filtered by voltage class),,Optional,No,voltage set,voltage,filterStandardsForVoltage by LV/MV/HV/EHV; catalog merge,,IEC 60502-1/2 / 60840 / 62067 / BS / SEC / SAMSS,CableMaster.standard | CableEngineeringMapping.standard,,Prototype: MV+IEC60502-1 = error
conductorMaterial,Conductor Material,5,Conductor,code,Dropdown,Yes,CU | AL,CU,Required,No,voltage set,voltage,mergeWithCatalog(DEFAULT_CONDUCTOR_MATERIALS),,IEC 60228,CableMaster.conductor | CableParameter.kind=CONDUCTOR,CONDUCTOR,UI shows label; state stores code
conductorClass,Construction Class,6,Conductor,string,Dropdown,Yes,Class 1 — Solid | Class 2 — Stranded | Class 5 — Flexible,Class 2 — Stranded,Optional,No,conductorMaterial set,conductorMaterial,mergeWithCatalog; Class 1 >35mm² = validation error,IEC 60228 class rules,,,,Prototype validation only
conductorShape,Conductor Shape,7,Conductor,string,Dropdown,Yes,DEFAULT_CONDUCTOR_SHAPES (4),,Optional,No,conductorClass set,conductorClass,Static list; no engineering filter,,IEC 60228,,,Not in selectionsToConfig / PG evaluate
conductorCompacting,Compacting,—,Conductor,string,Removed from grid,No,Compacted | Non-compacted,,Optional,No,Removed,,,,,,REMOVED_UI_FIELDS
conductorSize,Conductor Size,8,Conductor,string,Dropdown,Yes,DEFAULT_CONDUCTOR_SIZES (0.5–2500),120 mm²,Required,No,conductorMaterial set,conductorMaterial,mergeWithCatalog,,IEC 60228,CableMaster.conductorSize | CableEngineeringMapping.conductorSize,,App default includes mm² suffix
cores,No. of Cores,9,Conductor,string,Dropdown,Yes,1 Core | 2 Cores … 61 Cores,1 Core,Required,No,conductorSize set,conductorSize,DEFAULT_CORE_COUNTS mapped to labels,,,CableMaster.cores | CableEngineeringMapping.cores,,Sets coresCount on change
coresCount,Core Count (numeric),—,Conductor,number,Derived (not shown),No,1–61,1,Derived,No,Derived from cores,cores,Used for armour filter & core colors,,,,Internal; not separate dropdown
conductorWaterTight,Conductor Water Blocking,10,Conductor,TriState,Checkbox (Yes/No),Yes,Yes | No (N/A in type not in UI),,Optional,Yes,conductorSize set,conductorSize,Checkbox maps Yes/No only,,IEC water blocking (FL) notation,,,TriState type; UI no N/A option
insulation,Insulation Material,11,Insulation,string,Dropdown,Yes,XLPE | PVC | LSHF | EPR,XLPE,Required,No,cores set,cores,filterInsulationOptions: bare→None; MV+→no PVC/LSHF,,IEC 60502,CableMaster.insulation | CableParameter.kind=INSULATION,INSULATION,Prototype: MV/HV+PVC/LSHF error
insulationColor,Insulation Color,12,Insulation,string,Dropdown,Yes,DEFAULT_INSULATION_COLORS,,Optional,No,insulation set,insulation,Static list,,,,,Not in PG evaluate
semiConApplicable,Semi-Con Layer Applicable,—,Semi-Conductor,TriState,Removed from grid,No,Yes | No | N/A,,Optional,Yes,Removed,,,,,,REMOVED_UI_FIELDS
innerSemiConductor,Inner Semi-Conductor,—,Semi-Conductor,string,Removed from grid,No,DEFAULT_INNER_SEMI_CONDUCTORS,,Optional,No,Removed,,MV requires semi-con per matrix (outer only in UI),,,,REMOVED_UI_FIELDS
outerSemiConductor,Outer Semi-Conductor,13,Semi-Conductor,string,Dropdown,Yes,DEFAULT_OUTER_SEMI_CONDUCTORS (filtered),Strippable,Conditional,No,insulation set,insulation,filterOuterSemiConductor: LV→N/A only; MV+→no N/A,,IEC 60502-2 stress control,,,Prototype: MV without semi-con = error
screenType,Screen Type,14,Screening,string,Dropdown,Yes,DEFAULT_SCREEN_TYPES (filtered),Copper Wire,Conditional,No,insulation set,insulation,filterScreenTypes: bare→No Screen; MV+→no None,,IEC 60502-2,CableMaster.screen | CableEngineeringMapping.screen,,Prototype: MV without screen = error
screenMaterial,Screen Material,—,Screening,string,Removed from grid,No,DEFAULT_SCREEN_MATERIALS,,Optional,No,Removed,,,,,,REMOVED_UI_FIELDS; duplicate of screenType material aspect
screenCSA,Screen Cross-Section (CSA),15,Screening,string,Dropdown,Yes,DEFAULT_SCREEN_CSAS,16 mm²,Conditional,No,hasScreen (screenType not None/No Screen),screenType,Static list; validation: No Screen + CSA set = error,,,,,Should dim when no screen
screenWaterTight,Screen Water Tightness,16,Screening,TriState,Checkbox (Yes/No),Yes,Yes | No,,Optional,Yes,hasScreen,screenType,Checkbox Yes/No only,,,,,
bedding,Inner Sheath / Bedding,17,Bedding,string,Dropdown,Yes,BEDDING_OPTIONS (5),,Optional,No,insulation AND screenType set,insulation; screenType,Bare conductor→Not Applicable only,,BS 5467 bedding,,,Before armour in sequence
armour,Armour Layer,18,Armour,string,Dropdown,Yes,DEFAULT_ARMOUR_TYPES (filtered),No Armour,Optional,No,bedding OR screenType set,bedding; screenType,filterArmourTypes: 1-core→AWA/ATA only; excludes SWA on single-core AC,,IEC 60502,CableMaster.armour | CableEngineeringMapping.armour,,Prototype: 1-core SWA error
armourMaterial,Armour Material,—,Armour,string,Removed from grid,No,DEFAULT_ARMOUR_MATERIALS,,Optional,No,Removed,,Duplicate of armour type material,,,,REMOVED_UI_FIELDS
armourCSA,Armour Dimension / Size,—,Armour,string,Removed from grid,No,DEFAULT_ARMOUR_CSAS,,Optional,No,Removed,,Validation exists if armour None + CSA set,,,,REMOVED_UI_FIELDS
armourWaterTight,Armour Water Tightness,19,Armour,TriState,Checkbox (Yes/No),Yes,Yes | No,,Optional,Yes,hasArmour,armour,Checkbox Yes/No only,,,,,
sheathing,Outer Sheath (Jacket),20,Sheathing,string,Dropdown,Yes,DEFAULT_SHEATHINGS,MDPE,Optional,No,insulation set,insulation,Bare→None only; mergeWithCatalog,,IEC 60502,CableMaster.sheath | CableParameter.kind=SHEATH,,
sheathingColor,Outer Sheath Color,21,Sheathing,string,Dropdown,Yes,DEFAULT_SHEATHING_COLORS,Black,Optional,No,sheathing set,sheathing,Static list,,,CableMaster.sheathColour | CableEngineeringMapping.sheathColour,,
waterTight,Water Tight / Water Blocking,22,Special Properties,string (typed TriState in model),Dropdown,Yes,DEFAULT_WATER_BLOCKING_TYPES (5),,Optional,No,sheathing set,sheathing,Static list; NOT checkbox despite TriState? in CableRecordV2,,,,Type mismatch: SelectionState TriState vs dropdown string options
termiteProtection,Termite / Rodent Protection,23,Special Properties,string,Dropdown,Yes,DEFAULT_TERMITE_PROTECTIONS,,Optional,No,sheathing set,sheathing,Static list,,,,,
cpr,CPR (Yes/No),—,Special Properties,TriState,Removed from grid,No,Yes | No | N/A,No,Optional,Yes,Removed,,cpr=Yes requires cprClass (validation),EN 50575,,,REMOVED_UI_FIELDS; cprClass remains in grid
cprClass,CPR Euroclass,24,Special Properties,string,Dropdown,Yes,DEFAULT_CPR_CLASSES,,Optional,No,sheathing set,sheathing,Static list,,EN 50575,,,Related to removed cpr Yes/No field
specialArea,Special Installation Area,25,Special Properties,string,Dropdown,Yes,DEFAULT_SPECIAL_AREAS,,Optional,No,sheathing set,sheathing,Static list,,,,,
specialAdditives,Special Engineering Req.,26,Special Properties,string[],Dropdown (single select),Yes,5 visible additives (2 removed from list),UV Resistant,Optional,No,sheathing set,sheathing,filterSpecialAdditives removes 2 options,,,CableMaster.specialAdditives | CableEngineeringMapping.specialAdditives,,State is array; UI selects one
semiConduct,Semi Conductive Sheath,—,Special Properties,TriState,Not in grid,No,Yes | No | N/A,,Optional,Yes,Not in UI,,,,,,State only; parse from catalog
graphite,Graphite Coating,—,Special Properties,TriState,Not in grid,No,Yes | No | N/A,,Optional,Yes,Not in UI,,,,,,State only
edr,EDR Compliance,—,Special Properties,TriState,Not in grid,No,Yes | No | N/A,,Optional,Yes,Not in UI,,,,,,State only
coreColors,Core Colors (per core),29+,Core Identification,Record<number string>,Dropdown per core (dynamic),Conditional (cores>1),DEFAULT_CORE_COLORS,Brown/Black/Grey defaults,Required multi-core,No,coresCount>1,cores,Up to min(coresCount 12) rows,,HD 308 S2 / BS 7671,CableMaster.coreColour | CableParameter.kind=CORE_COLOUR,CORE_COLOUR,Not in GRID_PARAMETER_ORDER
coreIdentification,Core Identification Scheme,—,Core Identification,string,Removed from grid,No,DEFAULT_CORE_IDENTIFICATIONS,,Optional,No,Removed,,Overlaps coreColors purpose,,,,REMOVED_UI_FIELDS
coreNumbering,Core Numbering,—,Core Identification,string,Removed from grid,No,Numbered | Non-numbered,,Optional,No,Removed,,,,,,REMOVED_UI_FIELDS
customerIdentification,Customer-Specific Identification,27,Core Identification,string,Dropdown,Yes,DEFAULT_CUSTOMER_IDENTIFICATIONS,,Optional,No,sheathing set,sheathing,Static list,,SEC / SAMSS / DEWA etc.,,,
itemCode,Customer / SAP Item Code,28,Commercial,string,Text input,Yes,Free text,,Optional,No,family set,family,No value list,,,CableMaster.itemCode,,Commercial reference only
cuttingLength,Cutting Length,—,Commercial,number,CuttingLengthSectionV2 (post-resolve),No,Numeric meters,,Optional,No,After cable resolved,,,,,TechnicalOfficeRequest.cuttingLength,,REMOVED_UI_FIELDS from main grid
lengthTolerance,Cutting Length Tolerance,—,Commercial,string,Removed from grid,No,±1% | ±2% | Exact,,Optional,No,Removed,,,,,,REMOVED_UI_FIELDS
drumType,Packaging Drum Type,—,Commercial,string,CuttingLengthSectionV2 / removed,No,DEFAULT_DRUM_TYPES,,Optional,No,Post-resolve,,,,DrumMaster,,REMOVED_UI_FIELDS from main grid
